Id,category,no,title,description,sentences
1,TOEICリスニングトピック,1,会議の予定調整,参加者同士で会議の日時や場所を決める,"[
  {
    ""speakerName"": ""Sarah"",
    ""speakerGender"": ""female"",
    ""sentenceE"": ""Hi Mike, thanks for reaching out. I'm available on Tuesday and Thursday afternoon next week. Would either of those work for you?"",
    ""sentenceJ"": ""こんにちはマイク、連絡してくれてありがとう。来週の火曜日と木曜日の午後なら空いています。どちらか都合がいいですか？""
  },
  {
    ""speakerName"": ""Mike"",
    ""speakerGender"": ""male"",
    ""sentenceE"": ""Thanks for the quick response, Sarah. Thursday afternoon works perfectly for me. Shall we say 2 PM?"",
    ""sentenceJ"": ""迅速な返信をありがとう、サラ。木曜日の午後は完璧です。2時でどうでしょうか？""
  },
  {
    ""speakerName"": ""Sarah"",
    ""speakerGender"": ""female"",
    ""sentenceE"": ""2 PM on Thursday sounds good. Do you have a preferred meeting room in mind, or shall we go for the usual \""Zen Garden\"" room?"",
    ""sentenceJ"": ""木曜日の2時で良いですね。好みの会議室はありますか、それともいつもの「Zen Garden」の部屋にしますか？""
  },
  {
    ""speakerName"": ""Mike"",
    ""speakerGender"": ""male"",
    ""sentenceE"": ""\""Zen Garden\"" room would be great, it's always quiet there. Let me quickly check if it's available at that time... Yes, it's free! I'll book it for us."",
    ""sentenceJ"": ""「Zen Garden」の部屋が良いですね、そこはいつも静かですから。その時間に空いているかすぐに確認しますね...はい、空いています！私たちのために予約します。""
  },
  {
    ""speakerName"": ""Sarah"",
    ""speakerGender"": ""female"",
    ""sentenceE"": ""Perfect, thanks for checking, Mike. Could we also set up a video call option? I might need to join remotely depending on my morning schedule."",
    ""sentenceJ"": ""完璧です、確認してくれてありがとう、マイク。ビデオコールのオプションも設定できますか？朝のスケジュールによっては、遠隔で参加する必要があるかもしれません。""
  },
  {
    ""speakerName"": ""Mike"",
    ""speakerGender"": ""male"",
    ""sentenceE"": ""Absolutely, I'll ensure the room is set up for video conferencing. I'll send out a calendar invite shortly with all the details and a link to the video call."",
    ""sentenceJ"": ""もちろんです、ビデオ会議用に部屋を設定するようにします。すぐにカレンダーの招待を詳細とビデオコールのリンク付きで送ります。""
  },
  {
    ""speakerName"": ""Sarah"",
    ""speakerGender"": ""female"",
    ""sentenceE"": ""Great, looking forward to our meeting. Thanks for organizing, Mike."",
    ""sentenceJ"": ""素晴らしい、会議を楽しみにしています。準備してくれてありがとう、マイク。""
  },
  {
    ""speakerName"": ""Mike"",
    ""speakerGender"": ""male"",
    ""sentenceE"": ""No problem at all, Sarah. See you then. Have a great day!"",
    ""sentenceJ"": ""全く問題ありません、サラ。それでは、会いましょう。良い一日を！""
  }
]
"
2,TOEICリスニングトピック,2,オフィス内での会話,同僚間のプロジェクトに関する討論や進捗報告,"[
  {
    ""speakerName"": ""Tom"",
    ""speakerGender"": ""male"",
    ""sentenceE"": ""Hey Emma, do you have a minute? I wanted to discuss the progress on the Henderson project."",
    ""sentenceJ"": ""やあエマ、ちょっと時間ある？ヘンダーソンプロジェクトの進捗について話したいんだ。""
  },
  {
    ""speakerName"": ""Emma"",
    ""speakerGender"": ""female"",
    ""sentenceE"": ""Sure, Tom. Let's go over it. How are things on your end?"",
    ""sentenceJ"": ""もちろん、トム。それについて話しましょう。あなたの方はどうですか？""
  },
  {
    ""speakerName"": ""Tom"",
    ""speakerGender"": ""male"",
    ""sentenceE"": ""I've completed the initial design phase, but I'm waiting on feedback from the client before moving forward."",
    ""sentenceJ"": ""初期設計フェーズは完了したけど、クライアントからのフィードバックを待って、次のステップに進む前にしています。""
  },
  {
    ""speakerName"": ""Emma"",
    ""speakerGender"": ""female"",
    ""sentenceE"": ""I see. On my side, I've been coordinating with the marketing team to ensure our timelines match up."",
    ""sentenceJ"": ""なるほど。私の方では、マーケティングチームと連携して、タイムラインが合うようにしています。""
  },
  {
    ""speakerName"": ""Tom"",
    ""speakerGender"": ""male"",
    ""sentenceE"": ""That's great to hear. Do you think we need to set up a meeting with the marketing team to discuss integration?"",
    ""sentenceJ"": ""それは良いことを聞いたよ。マーケティングチームと会って、統合について話し合う必要があると思う？""
  },
  {
    ""speakerName"": ""Emma"",
    ""speakerGender"": ""female"",
    ""sentenceE"": ""Absolutely, I'll organize a meeting for early next week. I'll include you and the key members from the marketing team."",
    ""sentenceJ"": ""もちろん、来週の初めに会議を設定します。あなたとマーケティングチームの主要メンバーを含めます。""
  },
  {
    ""speakerName"": ""Tom"",
    ""speakerGender"": ""male"",
    ""sentenceE"": ""Thanks, Emma. That would be very helpful. Let's ensure we're all on the same page before moving forward."",
    ""sentenceJ"": ""ありがとう、エマ。それはとても役に立つよ。次に進む前に、全員が同じ認識であることを確認しましょう。""
  },
  {
    ""speakerName"": ""Emma"",
    ""speakerGender"": ""female"",
    ""sentenceE"": ""Definitely. I'll send out the invites today. Let's make this project a success."",
    ""sentenceJ"": ""絶対に。今日中に招待状を送ります。このプロジェクトを成功させましょう。""
  }
]"
3,TOEICリスニングトピック,3,クライアントとの電話会話,商品やサービスについての問い合わせや注文,"[
  {
    ""speakerName"": ""James"",
    ""speakerGender"": ""male"",
    ""sentenceE"": ""Good morning, this is James from SunTech Solutions. How can I assist you today?"",
    ""sentenceJ"": ""おはようございます、SunTech Solutionsのジェームズです。本日はどのようにお手伝いしましょうか？""
  },
  {
    ""speakerName"": ""Linda"",
    ""speakerGender"": ""female"",
    ""sentenceE"": ""Hi James, this is Linda from GreenTech Innovations. We're interested in your cloud storage solutions. Can you tell me more about them?"",
    ""sentenceJ"": ""こんにちはジェームズ、GreenTech Innovationsのリンダです。私たちはあなたのクラウドストレージソリューションに興味があります。もっと詳しく教えてもらえますか？""
  },
  {
    ""speakerName"": ""James"",
    ""speakerGender"": ""male"",
    ""sentenceE"": ""Certainly, Linda. Our cloud storage solutions offer scalable, secure storage options for businesses of all sizes. We provide both standard and custom packages to fit your specific needs."",
    ""sentenceJ"": ""もちろんです、リンダ。私たちのクラウドストレージソリューションは、あらゆる規模のビジネスに対して拡張可能でセキュアなストレージオプションを提供します。お客様の特定のニーズに合わせて、標準パッケージとカスタムパッケージの両方を提供しています。""
  },
  {
    ""speakerName"": ""Linda"",
    ""speakerGender"": ""female"",
    ""sentenceE"": ""That sounds exactly like what we need. Do you offer any trial periods or demos?"",
    ""sentenceJ"": ""それはまさに私たちが必要としているもののようです。試用期間やデモは提供していますか？""
  },
  {
    ""speakerName"": ""James"",
    ""speakerGender"": ""male"",
    ""sentenceE"": ""Yes, we do. We can set up a 30-day free trial for any of our services, so you can test out the features and functionality before making a commitment."",
    ""sentenceJ"": ""はい、提供しています。私たちのサービスのどれかについて、30日間の無料試用期間を設定することができますので、コミットメントをする前に機能や機能性を試すことができます。""
  },
  {
    ""speakerName"": ""Linda"",
    ""speakerGender"": ""female"",
    ""sentenceE"": ""That would be perfect. Can we also get some support during the trial period in case we have questions?"",
    ""sentenceJ"": ""それは完璧です。試用期間中に質問がある場合、サポートを受けることは可能ですか？""
  },
  {
    ""speakerName"": ""James"",
    ""speakerGender"": ""male"",
    ""sentenceE"": ""Absolutely, we provide full support during the trial. You can reach out to our customer service team at any time for assistance."",
    ""sentenceJ"": ""もちろん、試用期間中は完全なサポートを提供します。いつでもカスタマーサービスチームに連絡してサポートを受けることができます。""
  },
  {
    ""speakerName"": ""Linda"",
    ""speakerGender"": ""female"",
    ""sentenceE"": ""Great, I think we'd like to proceed with the trial then. Can you help us set it up?"",
    ""sentenceJ"": ""素晴らしいです、それでは試用期間を進めたいと思います。セットアップを手伝ってもらえますか？""
  },
  {
    ""speakerName"": ""James"",
    ""speakerGender"": ""male"",
    ""sentenceE"": ""Of course, Linda. I'll need some details from you to get started. Let's move this conversation to email so I can gather all the necessary information."",
    ""sentenceJ"": ""もちろんです、リンダ。始めるためにいくつかの詳細をお聞きする必要があります。必要な情報をすべて集めるために、この会話をメールに移しましょう。""
  },
  {
    ""speakerName"": ""Linda"",
    ""speakerGender"": ""female"",
    ""sentenceE"": ""Sounds good, James. I'll look forward to your email. Thank you for your help."",
    ""sentenceJ"": ""いいですね、ジェームズ。メールを楽しみにしています。あなたの助けに感謝します。""
  },
  {
    ""speakerName"": ""James"",
    ""speakerGender"": ""male"",
    ""sentenceE"": ""You're welcome, Linda. I'll send that email right away. Have a great day!"",
    ""sentenceJ"": ""どういたしまして、リンダ。すぐにそのメールを送ります。良い一日を！""
  }
]
"
4,TOEICリスニングトピック,4,プレゼンテーション,製品、サービス、またはビジネス計画の説明,"[
  {
    ""speakerName"": ""Elena"",
    ""speakerGender"": ""female"",
    ""sentenceE"": ""Good morning, everyone. Today, I'm excited to introduce our latest innovation: the EcoDrive 3000, a revolutionary electric vehicle (EV) charging system designed by FutureTech Industries."",
    ""sentenceJ"": ""おはようございます、皆さん。本日は、FutureTech Industriesによって設計された革命的な電気自動車（EV）充電システム、EcoDrive 3000を紹介できることを嬉しく思います。""
  },
  {
    ""speakerName"": ""Elena"",
    ""speakerGender"": ""female"",
    ""sentenceE"": ""The EcoDrive 3000 is not just any charging station; it's a smart system that integrates seamlessly with smart home technologies, allowing users to control and monitor their charging from anywhere."",
    ""sentenceJ"": ""EcoDrive 3000はただの充電ステーションではありません。スマートホーム技術とシームレスに統合されるスマートシステムであり、ユーザーがどこからでも充電を制御し監視できます。""
  },
  {
    ""speakerName"": ""Elena"",
    ""speakerGender"": ""female"",
    ""sentenceE"": ""We've also implemented cutting-edge battery optimization algorithms that not only extend the life of EV batteries but also reduce charging times by up to 50% compared to standard chargers."",
    ""sentenceJ"": ""また、EVバッテリーの寿命を延ばすだけでなく、標準的な充電器と比較して充電時間を最大50％短縮する最先端のバッテリー最適化アルゴリズムを実装しました。""
  },
  {
    ""speakerName"": ""Elena"",
    ""speakerGender"": ""female"",
    ""sentenceE"": ""Our vision with the EcoDrive 3000 is not only to facilitate the adoption of electric vehicles by making charging more accessible and efficient but also to contribute to a greener planet by promoting the use of renewable energy in EV charging."",
    ""sentenceJ"": ""EcoDrive 3000による私たちのビジョンは、充電をよりアクセスしやすく効率的にすることで電気自動車の採用を促進するだけでなく、EV充電における再生可能エネルギーの使用を促進することで、より緑豊かな惑星に貢献することです。""
  },
  {
    ""speakerName"": ""Elena"",
    ""speakerGender"": ""female"",
    ""sentenceE"": ""In terms of market potential, the EV sector is expected to grow exponentially in the coming years. Our target market includes not only individual EV owners but also commercial entities such as shopping centers, hotels, and corporate campuses, where the EcoDrive 3000 can serve as a valuable amenity."",
    ""sentenceJ"": ""市場ポテンシャルに関して言えば、EVセクターは今後数年間で急速に成長すると予想されます。私たちのターゲット市場には、個々のEV所有者だけでなく、EcoDrive 3000が貴重なアメニティとして機能できるショッピングセンター、ホテル、企業キャンパスなどの商業施設も含まれます。""
  },
  {
    ""speakerName"": ""Elena"",
    ""speakerGender"": ""female"",
    ""sentenceE"": ""To support the EcoDrive 3000, FutureTech Industries is launching a comprehensive service package that includes installation, maintenance, and 24/7 customer support to ensure a seamless experience for all users."",
    ""sentenceJ"": ""EcoDrive 3000をサポートするために、FutureTech Industriesは、すべてのユーザーにシームレスな体験を保証するために、設置、メンテナンス、および24時間365日のカスタマーサポートを含む包括的なサービスパッケージを立ち上げています。""
  },
  {
    ""speakerName"": ""Elena"",
    ""speakerGender"": ""female"",
    ""sentenceE"": ""In conclusion, the EcoDrive 3000 represents a significant step forward in our commitment to innovation, sustainability, and customer satisfaction. We're excited about the future and invite you to join us on this journey."",
    ""sentenceJ"": ""結論として、EcoDrive 3000は、革新、持続可能性、および顧客満足への私たちのコミットメントを前進させる重要な一歩を表しています。私たちは未来にわくわくしており、この旅にあなたも参加していただきたいと思います。""
  }
]"
5,TOEICリスニングトピック,5,空港でのアナウンス,フライト情報やゲート変更のお知らせ,"[
  {
    ""speakerName"": ""Airport Announcer"",
    ""speakerGender"": ""female"",
    ""sentenceE"": ""Attention all passengers, this is an announcement for flight VT345 to New Horizon City. The flight has been delayed due to adverse weather conditions. We apologize for any inconvenience this may cause."",
    ""sentenceJ"": ""全ての乗客の皆様へ、ニューホライズンシティ行きVT345便に関するアナウンスです。悪天候のため、フライトが遅延しています。ご不便をおかけして申し訳ございません。""
  },
  {
    ""speakerName"": ""Airport Announcer"",
    ""speakerGender"": ""female"",
    ""sentenceE"": ""Please be advised that boarding for flight VT345 to New Horizon City will now commence at gate 12 instead of gate 4. We kindly ask all passengers to proceed to the new boarding gate. Thank you for your cooperation."",
    ""sentenceJ"": ""ニューホライズンシティ行きVT345便の搭乗は、ゲート4の代わりにゲート12で行われることになりました。全ての乗客には、新しい搭乗ゲートに進んでいただくようお願い申し上げます。ご協力ありがとうございます。""
  },
  {
    ""speakerName"": ""Airport Announcer"",
    ""speakerGender"": ""female"",
    ""sentenceE"": ""For passengers awaiting the arrival of flight LT908 from Cloudy Bay, please note that the flight will be arriving at terminal 3, carousel 5. We thank you for your patience and wish you a pleasant reunion with your loved ones."",
    ""sentenceJ"": ""クラウディベイから到着予定のLT908便をお待ちの乗客の皆様へ、このフライトはターミナル3のカルーセル5に到着予定であることをお知らせします。お待たせしておりますことをお詫び申し上げますとともに、大切な人との再会が心温まるものとなりますように。""
  },
  {
    ""speakerName"": ""Airport Announcer"",
    ""speakerGender"": ""female"",
    ""sentenceE"": ""We would like to remind all passengers that face masks are required at all times within the airport premises. Please ensure that your mask covers both your nose and mouth for your safety and the safety of those around you."",
    ""sentenceJ"": ""空港内では常時、顔にマスクを着用することが求められていることを、全ての乗客に再度お知らせします。ご自身と周りの人々の安全のため、鼻と口を覆うようにしてください。""
  },
  {
    ""speakerName"": ""Airport Announcer"",
    ""speakerGender"": ""female"",
    ""sentenceE"": ""Finally, we wish to inform all passengers that the airport Wi-Fi network is available for your convenience. You can connect to the network 'Airport_Free_WiFi' without a password. We hope this service makes your wait more enjoyable."",
    ""sentenceJ"": ""最後に、全ての乗客に空港のWi-Fiネットワークがご利用いただけることをお知らせします。「Airport_Free_WiFi」ネットワークにパスワードなしで接続できます。このサービスがお待ち時間をより楽しいものにすることを願っています。""
  }
]
"
6,TOEICリスニングトピック,6,レストランでの予約,食事の予約や特別なリクエストの伝達,"[
  {
    ""speakerName"": ""Customer"",
    ""speakerGender"": ""male"",
    ""sentenceE"": ""Hello, I'd like to make a reservation for two at La Belle Cuisine for this Friday evening. Do you have any availability?"",
    ""sentenceJ"": ""こんにちは、今週の金曜日の夜にLa Belle Cuisineで2名の予約をしたいのですが、空きはありますか？""
  },
  {
    ""speakerName"": ""Restaurant Staff"",
    ""speakerGender"": ""female"",
    ""sentenceE"": ""Good evening, thank you for choosing La Belle Cuisine. Yes, we have availability at 7:30 PM. Would that time work for you?"",
    ""sentenceJ"": ""こんばんは、La Belle Cuisineを選んでいただきありがとうございます。はい、19:30のお席をご用意できます。その時間はいかがでしょうか？""
  },
  {
    ""speakerName"": ""Customer"",
    ""speakerGender"": ""male"",
    ""sentenceE"": ""That's perfect. Could we also request a table by the window?"",
    ""sentenceJ"": ""それは完璧です。窓際の席をリクエストすることはできますか？""
  },
  {
    ""speakerName"": ""Restaurant Staff"",
    ""speakerGender"": ""female"",
    ""sentenceE"": ""Certainly, I've noted your preference for a window table. We'll do our best to accommodate your request."",
    ""sentenceJ"": ""もちろんです、窓際の席のご希望をメモしました。リクエストに沿えるよう最善を尽くします。""
  },
  {
    ""speakerName"": ""Customer"",
    ""speakerGender"": ""male"",
    ""sentenceE"": ""Thank you. Also, one of us has a nut allergy. Could you ensure that our meals are prepared without any nuts?"",
    ""sentenceJ"": ""ありがとうございます。私たちのうちの一人がナッツアレルギーを持っています。食事がナッツを含まないように準備していただけますか？""
  },
  {
    ""speakerName"": ""Restaurant Staff"",
    ""speakerGender"": ""female"",
    ""sentenceE"": ""Absolutely, I'll make a note of the nut allergy and inform our kitchen staff. We'll take care to avoid any cross-contamination."",
    ""sentenceJ"": ""もちろんです、ナッツアレルギーについてメモしてキッチンスタッフに伝えます。交差汚染が起こらないよう注意します。""
  },
  {
    ""speakerName"": ""Customer"",
    ""speakerGender"": ""male"",
    ""sentenceE"": ""Great, that's all for now. Could you please send me a confirmation email with the details of our reservation?"",
    ""sentenceJ"": ""素晴らしいです、今のところそれで全部です。予約の詳細を記載した確認メールを送っていただけますか？""
  },
  {
    ""speakerName"": ""Restaurant Staff"",
    ""speakerGender"": ""female"",
    ""sentenceE"": ""Of course, could I have your email address, please? We'll send you a confirmation shortly."",
    ""sentenceJ"": ""もちろんです、メールアドレスを教えていただけますか？すぐに確認メールを送らせていただきます。""
  },
  {
    ""speakerName"": ""Customer"",
    ""speakerGender"": ""male"",
    ""sentenceE"": ""Sure, it's john.doe@example.com. Thank you for your assistance."",
    ""sentenceJ"": ""もちろんです、john.doe@example.comです。ご協力ありがとうございます。""
  },
  {
    ""speakerName"": ""Restaurant Staff"",
    ""speakerGender"": ""female"",
    ""sentenceE"": ""You're welcome, Mr. Doe. We look forward to welcoming you and your guest to La Belle Cuisine. Have a wonderful evening."",
    ""sentenceJ"": ""どういたしまして、ドゥ氏。あなたとあなたのゲストをLa Belle Cuisineでお迎えできることを楽しみにしています。素敵な夜をお過ごしください。""
  }
]
"
7,TOEICリスニングトピック,7,ホテルでのチェックイン/チェックアウト,宿泊の手続きや請求書に関するやり取り,"[
  {
    ""speakerName"": ""Marcus"",
    ""speakerGender"": ""male"",
    ""sentenceE"": ""Good afternoon, I'm here to check in. The reservation is under Marcus Reed."",
    ""sentenceJ"": ""こんにちは、チェックインをしに来ました。予約名はマーカス・リードです。""
  },
  {
    ""speakerName"": ""Evelyn"",
    ""speakerGender"": ""female"",
    ""sentenceE"": ""Welcome to Grand Vista Hotel, Mr. Reed. I see your reservation for a deluxe suite for three nights. Could I please have a photo ID and your credit card for verification?"",
    ""sentenceJ"": ""グランドビスタホテルへようこそ、リード様。デラックススイートの3泊のご予約を確認いたしました。本人確認書類とクレジットカードを拝見できますか？""
  },
  {
    ""speakerName"": ""Marcus"",
    ""speakerGender"": ""male"",
    ""sentenceE"": ""Here you go. Also, I requested an early check-in. Is my room ready?"",
    ""sentenceJ"": ""はい、どうぞ。あと、アーリーチェックインをリクエストしていました。部屋は準備できていますか？""
  },
  {
    ""speakerName"": ""Evelyn"",
    ""speakerGender"": ""female"",
    ""sentenceE"": ""Let me check... Yes, your room is ready. However, there's an additional charge for the early check-in. Is that okay?"",
    ""sentenceJ"": ""確認しますね...はい、お部屋は準備ができています。ただし、アーリーチェックインには追加料金が発生します。それでよろしいですか？""
  },
  {
    ""speakerName"": ""Marcus"",
    ""speakerGender"": ""male"",
    ""sentenceE"": ""I was not aware of the extra charge. How much will that be?"",
    ""sentenceJ"": ""追加料金があるとは知りませんでした。いくらになりますか？""
  },
  {
    ""speakerName"": ""Evelyn"",
    ""speakerGender"": ""female"",
    ""sentenceE"": ""It's a $50 fee for early check-in. This fee helps us cover the additional costs of preparing the room outside of our standard check-in times."",
    ""sentenceJ"": ""アーリーチェックインの料金は50ドルです。この料金は、標準のチェックイン時間外に部屋を準備する追加のコストをカバーするために必要です。""
  },
  {
    ""speakerName"": ""Marcus"",
    ""speakerGender"": ""male"",
    ""sentenceE"": ""I understand. That's fine, please go ahead."",
    ""sentenceJ"": ""わかりました。それで大丈夫です、進めてください。""
  },
  {
    ""speakerName"": ""Evelyn"",
    ""speakerGender"": ""female"",
    ""sentenceE"": ""Thank you for your understanding, Mr. Reed. Here's your key card. You're in room 502. Our concierge can assist you with your luggage."",
    ""sentenceJ"": ""ご理解いただきありがとうございます、リード様。こちらがキーカードです。502号室です。コンシェルジュがお荷物のお手伝いをさせていただきます。""
  },
  {
    ""speakerName"": ""Marcus"",
    ""speakerGender"": ""male"",
    ""sentenceE"": ""Also, could you explain the charges that will appear on my bill at checkout?"",
    ""sentenceJ"": ""あと、チェックアウト時に請求される料金について説明してもらえますか？""
  },
  {
    ""speakerName"": ""Evelyn"",
    ""speakerGender"": ""female"",
    ""sentenceE"": ""Certainly. Apart from the room rate and the early check-in fee, any additional services such as room service, minibar usage, or spa services will be itemized on your bill. We'll provide a detailed statement upon checkout."",
    ""sentenceJ"": ""もちろんです。部屋代とアーリーチェックイン料金の他に、ルームサービス、ミニバーの使用、スパサービスなどの追加サービスがご請求に明記されます。チェックアウト時に詳細な明細を提供いたします。""
  },
  {
    ""speakerName"": ""Marcus"",
    ""speakerGender"": ""male"",
    ""sentenceE"": ""Thank you, Evelyn. That's all I needed to know."",
    ""sentenceJ"": ""ありがとう、エヴリン。知りたかったことはそれだけです。""
  },
  {
    ""speakerName"": ""Evelyn"",
    ""speakerGender"": ""female"",
    ""sentenceE"": ""You're welcome, Mr. Reed. If you need anything during your stay, please don't hesitate to contact the front desk. Enjoy your stay at Grand Vista Hotel."",
    ""sentenceJ"": ""どういたしまして、リード様。滞在中に何か必要なことがございましたら、遠慮なくフロントデスクまでご連絡ください。グランドビスタホテルでの滞在をお楽しみください。""
  }
]
"
8,TOEICリスニングトピック,8,交通手段の利用,タクシーの手配や公共交通機関の利用方法についての会話,"[
  {
    ""speakerName"": ""Alex"",
    ""speakerGender"": ""male"",
    ""sentenceE"": ""Excuse me, could you help me figure out the best way to get to the Central Museum from here?"",
    ""sentenceJ"": ""すみません、ここからセントラルミュージアムに行く最良の方法を教えてもらえますか？""
  },
  {
    ""speakerName"": ""Jordan"",
    ""speakerGender"": ""female"",
    ""sentenceE"": ""Of course, Alex. You have a couple of options. Taking a taxi would be the fastest but more expensive. Would you prefer public transport instead?"",
    ""sentenceJ"": ""もちろん、アレックス。いくつかの選択肢があります。タクシーを利用するのが最も早いですが、費用がかかります。公共交通機関を利用しますか？""
  },
  {
    ""speakerName"": ""Alex"",
    ""speakerGender"": ""male"",
    ""sentenceE"": ""Yes, I'd like to try the public transport. How can I get there?"",
    ""sentenceJ"": ""はい、公共交通機関を利用してみたいです。どのように行けばいいですか？""
  },
  {
    ""speakerName"": ""Jordan"",
    ""speakerGender"": ""female"",
    ""sentenceE"": ""You can take the subway. The closest station is just a 5-minute walk from here. Take the Blue Line towards North, and get off at the Central Station. The museum is a short walk from there."",
    ""sentenceJ"": ""地下鉄を利用できます。最寄りの駅はここから徒歩5分です。北方面のブルーラインに乗り、セントラル駅で降りてください。そこからミュージアムまでは少し歩きます。""
  },
  {
    ""speakerName"": ""Alex"",
    ""speakerGender"": ""male"",
    ""sentenceE"": ""That sounds manageable. How much is the fare?"",
    ""sentenceJ"": ""なんとかなりそうですね。運賃はいくらですか？""
  },
  {
    ""speakerName"": ""Jordan"",
    ""speakerGender"": ""female"",
    ""sentenceE"": ""The fare is $2.50 each way. You can buy a ticket at the vending machines located in the station."",
    ""sentenceJ"": ""運賃は片道2.50ドルです。駅にある券売機でチケットを購入できます。""
  },
  {
    ""speakerName"": ""Alex"",
    ""speakerGender"": ""male"",
    ""sentenceE"": ""Great, thanks for the info. Do you know if the museum is open late today?"",
    ""sentenceJ"": ""素晴らしい、情報をありがとう。今日、ミュージアムが遅くまで開いているか知っていますか？""
  },
  {
    ""speakerName"": ""Jordan"",
    ""speakerGender"": ""female"",
    ""sentenceE"": ""Yes, it's open until 8 PM on Wednesdays. You'll have plenty of time."",
    ""sentenceJ"": ""はい、水曜日は午後8時まで開いています。たっぷり時間がありますよ。""
  },
  {
    ""speakerName"": ""Alex"",
    ""speakerGender"": ""male"",
    ""sentenceE"": ""Perfect, thanks for all your help, Jordan."",
    ""sentenceJ"": ""完璧です、助けてくれてありがとう、ジョーダン。""
  },
  {
    ""speakerName"": ""Jordan"",
    ""speakerGender"": ""female"",
    ""sentenceE"": ""You're welcome, Alex. Enjoy your visit to the museum!"",
    ""sentenceJ"": ""どういたしまして、アレックス。ミュージアムでの訪問を楽しんでください！""
  }
]
"
9,TOEICリスニングトピック,9,ショッピング,商品の購入、返品、交換に関するやり取り,"[
  {
    ""speakerName"": ""Laura"",
    ""speakerGender"": ""female"",
    ""sentenceE"": ""Excuse me, I purchased this sweater last week, but when I got home, I noticed a small tear. I'd like to return it, please."",
    ""sentenceJ"": ""すみません、先週このセーターを購入したのですが、家に帰ってから小さな破れがあることに気づきました。返品したいのですが。""
  },
  {
    ""speakerName"": ""Ethan"",
    ""speakerGender"": ""male"",
    ""sentenceE"": ""I'm sorry to hear that, Laura. Do you have the receipt and the original packaging with you?"",
    ""sentenceJ"": ""それは残念ですね、ローラ。レシートと元の包装はお持ちですか？""
  },
  {
    ""speakerName"": ""Laura"",
    ""speakerGender"": ""female"",
    ""sentenceE"": ""Yes, I have them right here. Here's the receipt and the sweater is still in its original packaging."",
    ""sentenceJ"": ""はい、ここにあります。これがレシートで、セーターはまだ元の包装に入っています。""
  },
  {
    ""speakerName"": ""Ethan"",
    ""speakerGender"": ""male"",
    ""sentenceE"": ""Thank you, Laura. Let me inspect the sweater. Yes, I see the tear. Would you like a refund or an exchange for a new one?"",
    ""sentenceJ"": ""ありがとうございます、ローラ。セーターを検査させてください。はい、破れが見えますね。返金されますか、それとも新しいものと交換しますか？""
  },
  {
    ""speakerName"": ""Laura"",
    ""speakerGender"": ""female"",
    ""sentenceE"": ""I really liked this sweater. Do you have another one in the same size?"",
    ""sentenceJ"": ""このセーターが本当に気に入っていました。同じサイズのものはありますか？""
  },
  {
    ""speakerName"": ""Ethan"",
    ""speakerGender"": ""male"",
    ""sentenceE"": ""Let me check our stock. Yes, we do have one more in your size. Would you like to exchange it then?"",
    ""sentenceJ"": ""在庫を確認させてください。はい、あなたのサイズのものがもう一つあります。それでは交換しますか？""
  },
  {
    ""speakerName"": ""Laura"",
    ""speakerGender"": ""female"",
    ""sentenceE"": ""Yes, please. That would be wonderful."",
    ""sentenceJ"": ""はい、お願いします。それは素晴らしいです。""
  },
  {
    ""speakerName"": ""Ethan"",
    ""speakerGender"": ""male"",
    ""sentenceE"": ""Great, I'll process the exchange for you. Just a moment, please."",
    ""sentenceJ"": ""了解しました、交換の手続きを行います。少々お待ちください。""
  },
  {
    ""speakerName"": ""Laura"",
    ""speakerGender"": ""female"",
    ""sentenceE"": ""Thank you so much for your help, Ethan. I appreciate it."",
    ""sentenceJ"": ""手伝ってくれて本当にありがとうございます、イーサン。感謝しています。""
  },
  {
    ""speakerName"": ""Ethan"",
    ""speakerGender"": ""male"",
    ""sentenceE"": ""You're welcome, Laura. Here's the new sweater. I hope you enjoy it. Is there anything else I can assist you with today?"",
    ""sentenceJ"": ""どういたしまして、ローラ。こちらが新しいセーターです。気に入っていただけると嬉しいです。今日は他にお手伝いできることはありますか？""
  },
  {
    ""speakerName"": ""Laura"",
    ""speakerGender"": ""female"",
    ""sentenceE"": ""No, that's all for today. Thanks again."",
    ""sentenceJ"": ""いいえ、今日はそれだけです。再度ありがとうございます。""
  },
  {
    ""speakerName"": ""Ethan"",
    ""speakerGender"": ""male"",
    ""sentenceE"": ""My pleasure. Have a great day, Laura."",
    ""sentenceJ"": ""どういたしまして。素敵な一日を、ローラ。""
  }
]
"
10,TOEICリスニングトピック,10,医療機関での受付,予約の確認や診察のための手続き,"[
  {
    ""speakerName"": ""Sophia"",
    ""speakerGender"": ""female"",
    ""sentenceE"": ""Good morning, I have an appointment with Dr. Harris at 10:30. My name is Sophia Turner."",
    ""sentenceJ"": ""おはようございます、10時30分にハリス医師との予約があります。私の名前はソフィア・ターナーです。""
  },
  {
    ""speakerName"": ""Receptionist"",
    ""speakerGender"": ""female"",
    ""sentenceE"": ""Good morning, Ms. Turner. Let me check your appointment. Yes, I see you're scheduled for 10:30 with Dr. Harris. Do you have your insurance card and ID with you?"",
    ""sentenceJ"": ""おはようございます、ターナー様。予約を確認させていただきます。はい、10時30分にハリス医師の予約が入っていますね。保険証と身分証明書はお持ちですか？""
  },
  {
    ""speakerName"": ""Sophia"",
    ""speakerGender"": ""female"",
    ""sentenceE"": ""Yes, here they are. I also have a referral letter from my general practitioner."",
    ""sentenceJ"": ""はい、こちらです。かかりつけ医からの紹介状も持っています。""
  },
  {
    ""speakerName"": ""Receptionist"",
    ""speakerGender"": ""female"",
    ""sentenceE"": ""Thank you, Ms. Turner. I'll need to make a copy of these. It will just take a moment."",
    ""sentenceJ"": ""ありがとうございます、ターナー様。これらのコピーを取らせていただきます。少々お待ちください。""
  },
  {
    ""speakerName"": ""Sophia"",
    ""speakerGender"": ""female"",
    ""sentenceE"": ""Of course, take your time. By the way, I've been experiencing some new symptoms since I made the appointment. Is it possible to discuss these with Dr. Harris as well?"",
    ""sentenceJ"": ""もちろん、お時間をどうぞ。ところで、予約を入れてから新しい症状が出てきました。ハリス医師とそれについても話すことは可能ですか？""
  },
  {
    ""speakerName"": ""Receptionist"",
    ""speakerGender"": ""female"",
    ""sentenceE"": ""Absolutely, Dr. Harris will want to know about any new developments. Please fill out this symptoms form, and you can give it to Dr. Harris during your consultation."",
    ""sentenceJ"": ""もちろんです、ハリス医師はあらゆる新しい情報を知りたがっています。この症状のフォームに記入して、診察時にハリス医師にお渡しください。""
  },
  {
    ""speakerName"": ""Sophia"",
    ""speakerGender"": ""female"",
    ""sentenceE"": ""Thank you, I'll do that. How long is the wait time today?"",
    ""sentenceJ"": ""ありがとうございます、そうします。今日の待ち時間はどれくらいですか？""
  },
  {
    ""speakerName"": ""Receptionist"",
    ""speakerGender"": ""female"",
    ""sentenceE"": ""Dr. Harris is running on schedule, so it shouldn't be more than a 10-minute wait after your scheduled time."",
    ""sentenceJ"": ""ハリス医師は予定通りに診察を行っていますので、予約時間から10分以上待つことはないでしょう。""
  },
  {
    ""speakerName"": ""Sophia"",
    ""speakerGender"": ""female"",
    ""sentenceE"": ""That's great to hear. Thank you for your assistance."",
    ""sentenceJ"": ""それは良かったです。お手伝いいただきありがとうございます。""
  },
  {
    ""speakerName"": ""Receptionist"",
    ""speakerGender"": ""female"",
    ""sentenceE"": ""You're welcome, Ms. Turner. If you need anything while you wait, please let us know."",
    ""sentenceJ"": ""どういたしまして、ターナー様。待っている間に何か必要なことがあれば、お知らせください。""
  }
]
"
11,TOEICリスニングトピック,11,観光案内所での問い合わせ,観光地やイベントに関する情報の求め,"[
  {
    ""speakerName"": ""Elena"",
    ""speakerGender"": ""female"",
    ""sentenceE"": ""Good morning, welcome to the Sunflower Valley Visitor Center. How can I assist you today?"",
    ""sentenceJ"": ""おはようございます、サンフラワーバレー観光案内所へようこそ。本日はどのようなご用件でしょうか？""
  },
  {
    ""speakerName"": ""Marco"",
    ""speakerGender"": ""male"",
    ""sentenceE"": ""Hi, Elena. I'm interested in exploring some off-the-beaten-path sites around the valley. Could you recommend something less touristy?"",
    ""sentenceJ"": ""こんにちは、エレナ。私はバレー周辺の一般的でない場所を探索したいと思っています。もっと観光地化していない場所をお勧めできますか？""
  },
  {
    ""speakerName"": ""Elena"",
    ""speakerGender"": ""female"",
    ""sentenceE"": ""Certainly, Marco. If you're looking for a unique experience, I'd suggest visiting the old Windmill Village. It's a bit of a hike, but the scenic views and the local artisan shops are well worth the effort."",
    ""sentenceJ"": ""もちろんです、マルコ。ユニークな体験をお求めなら、古いウィンドミルビレッジの訪問をお勧めします。少し歩きますが、その景色と地元の職人の店は努力に値します。""
  },
  {
    ""speakerName"": ""Marco"",
    ""speakerGender"": ""male"",
    ""sentenceE"": ""That sounds perfect. How can I get there, and are there any special guidelines I should follow while visiting?"",
    ""sentenceJ"": ""それは完璧です。どうやってそこに行けますか、そして訪問する際に従うべき特別なガイドラインはありますか？""
  },
  {
    ""speakerName"": ""Elena"",
    ""speakerGender"": ""female"",
    ""sentenceE"": ""You can take the local bus line 4 towards the Green Meadows and get off at the 'Old Mill' stop. As for guidelines, please respect the local customs and environment. Also, the village paths can be narrow, so watch your step."",
    ""sentenceJ"": ""地元のバス4番線に乗ってグリーンメドウズ方面へ行き、「オールドミル」停留所で降りてください。ガイドラインについては、地元の慣習と環境を尊重してください。また、村の道は狭いことがあるので、足元に注意してください。""
  },
  {
    ""speakerName"": ""Marco"",
    ""speakerGender"": ""male"",
    ""sentenceE"": ""Thanks, Elena. That was incredibly helpful. I'm looking forward to the adventure!"",
    ""sentenceJ"": ""ありがとう、エレナ。それは非常に役に立ちました。この冒険を楽しみにしています！""
  },
  {
    ""speakerName"": ""Elena"",
    ""speakerGender"": ""female"",
    ""sentenceE"": ""You're welcome, Marco! Don't hesitate to come back if you need more information or maps. Enjoy your visit to Windmill Village!"",
    ""sentenceJ"": ""どういたしまして、マルコ！さらに情報や地図が必要な場合は、遠慮なく戻ってきてください。ウィンドミルビレッジへの訪問を楽しんでください！""
  }
]
"
12,TOEICリスニングトピック,12,スポーツジムでの会員登録,会員プランの説明や登録手続き,"[
  {
    ""speakerName"": ""Elena"",
    ""speakerGender"": ""female"",
    ""sentenceE"": ""Welcome to FitFuture Gym, I'm Elena. How can I assist you today?"",
    ""sentenceJ"": ""FitFutureジムへようこそ、私はエレナです。今日はどのようにお手伝いしましょうか？""
  },
  {
    ""speakerName"": ""Marcus"",
    ""speakerGender"": ""male"",
    ""sentenceE"": ""Hi, I'm Marcus. I'm interested in becoming a member but I have some specific needs. Could you tell me more about your personalized training plans?"",
    ""sentenceJ"": ""こんにちは、私はマーカスです。会員になりたいのですが、特定のニーズがあります。パーソナライズされたトレーニングプランについてもっと教えてもらえますか？""
  },
  {
    ""speakerName"": ""Elena"",
    ""speakerGender"": ""female"",
    ""sentenceE"": ""Certainly, Marcus. We offer a range of personalized training plans tailored to each member's fitness goals, dietary preferences, and schedule. Could you share what specific goals you're aiming for?"",
    ""sentenceJ"": ""もちろんです、マーカス。私たちは、各会員のフィットネス目標、食事の好み、スケジュールに合わせてカスタマイズされたトレーニングプランを提供しています。具体的にどのような目標を目指していますか？""
  },
  {
    ""speakerName"": ""Marcus"",
    ""speakerGender"": ""male"",
    ""sentenceE"": ""I'm training for a marathon next year, so I need a plan that focuses on endurance and flexibility, as well as nutritional advice to boost my performance."",
    ""sentenceJ"": ""来年のマラソンに向けてトレーニングしているので、持久力と柔軟性に焦点を当てたプランと、パフォーマンスを向上させるための栄養アドバイスが必要です。""
  },
  {
    ""speakerName"": ""Elena"",
    ""speakerGender"": ""female"",
    ""sentenceE"": ""We can definitely help with that. Our endurance training program includes personalized workout sessions with a focus on cardio and flexibility exercises, complemented by dietary plans designed by our in-house nutritionists."",
    ""sentenceJ"": ""その点に関しては確実にお手伝いできます。我々の耐久トレーニングプログラムには、カーディオと柔軟性エクササイズに焦点を当てたパーソナライズされたワークアウトセッションが含まれており、社内の栄養士によって設計された食事プランで補完されています。""
  },
  {
    ""speakerName"": ""Marcus"",
    ""speakerGender"": ""male"",
    ""sentenceE"": ""That sounds exactly what I'm looking for. What are the next steps for signing up?"",
    ""sentenceJ"": ""それはまさに私が探しているものです。サインアップのための次のステップは何ですか？""
  },
  {
    ""speakerName"": ""Elena"",
    ""speakerGender"": ""female"",
    ""sentenceE"": ""Great! Let's start with a tour of the facility so you can see the equipment and spaces where you'll be training. Then, we'll discuss membership options and find the best fit for you."",
    ""sentenceJ"": ""素晴らしい！まずは施設の見学から始めましょう。そうすれば、あなたがトレーニングする機材やスペースを見ることができます。その後、会員オプションについて話し合い、あなたに最適なものを見つけましょう。""
  }
]
"
13,TOEICリスニングトピック,13,イベントの案内,展示会、セミナー、ワークショップの日時や場所の案内,"[
  {
    ""speakerName"": ""Alexandra"",
    ""speakerGender"": ""female"",
    ""sentenceE"": ""Good morning, everyone! I'm thrilled to welcome you to the grand opening of the 'InnovateTech Expo 2024', a premier event that showcases cutting-edge technologies and groundbreaking ideas."",
    ""sentenceJ"": ""おはようございます、皆さん！'InnovateTech Expo 2024'、最先端技術と画期的なアイデアを紹介する一流イベントのグランドオープニングへ皆さんを歓迎することにわくわくしています。""
  },
  {
    ""speakerName"": ""Alexandra"",
    ""speakerGender"": ""female"",
    ""sentenceE"": ""This year, we're hosting over 300 exhibitors from around the globe, featuring interactive workshops, engaging seminars, and live demonstrations that will inspire and educate."",
    ""sentenceJ"": ""今年は、世界中から300以上の出展者を迎え、インタラクティブなワークショップ、魅力的なセミナー、そして啓発と教育を促すライブデモを特集しています。""
  },
  {
    ""speakerName"": ""Alexandra"",
    ""speakerGender"": ""female"",
    ""sentenceE"": ""The event kicks off today, March 3rd, at the Downtown Convention Center, continuing through to March 6th. We have a packed schedule, so I encourage you to download our 'InnovateTech' app for real-time updates and to customize your experience."",
    ""sentenceJ"": ""イベントは今日、3月3日にダウンタウンコンベンションセンターで始まり、3月6日まで続きます。スケジュールはぎっしり詰まっているので、リアルタイムの更新を受け取り、体験をカスタマイズするために、私たちの'InnovateTech'アプリをダウンロードすることをお勧めします。""
  },
  {
    ""speakerName"": ""Alexandra"",
    ""speakerGender"": ""female"",
    ""sentenceE"": ""Don't miss our keynote presentation at 10 AM tomorrow, featuring the visionary CEO of CyberNext, Elena Rivera, who will be discussing 'The Future of AI in Business and Society'. It promises to be an enlightening session."",
    ""sentenceJ"": ""明日の午前10時に行われる基調講演をお見逃しなく、CyberNextのビジョナリーなCEO、Elena Riveraが「ビジネスと社会におけるAIの未来」について話し合う予定です。啓蒙的なセッションになることをお約束します。""
  },
  {
    ""speakerName"": ""Alexandra"",
    ""speakerGender"": ""female"",
    ""sentenceE"": ""Finally, I want to express my heartfelt thanks to our sponsors, partners, and every one of you for making 'InnovateTech Expo 2024' possible. Together, we're forging a path towards a more innovative future."",
    ""sentenceJ"": ""最後に、'InnovateTech Expo 2024'を可能にしてくれたスポンサー、パートナー、そして皆さん一人一人に心からの感謝を表したいと思います。共に、より革新的な未来への道を切り開いています。""
  }
]
"
14,TOEICリスニングトピック,14,会社内の新製品紹介,社内向けの新製品プレゼンテーションや説明会,"[
  {
    ""speakerName"": ""Alex Johnson"",
    ""speakerGender"": ""male"",
    ""sentenceE"": ""Welcome, everyone. Today marks a significant milestone for Zenith Innovations as we unveil the QuantumPad, our most advanced smart tablet designed specifically for the enterprise market."",
    ""sentenceJ"": ""皆さん、ようこそ。今日は、Zenith Innovationsにとって重要なマイルストーンとなる日です。私たちは、企業市場向けに特別に設計された最も先進的なスマートタブレット「QuantumPad」を発表します。""
  },
  {
    ""speakerName"": ""Alex Johnson"",
    ""speakerGender"": ""male"",
    ""sentenceE"": ""The QuantumPad features a state-of-the-art neural processing unit that enables real-time data analysis and decision-making support, making it an ideal tool for financial analysts and strategic planners."",
    ""sentenceJ"": ""QuantumPadには、最先端のニューラルプロセッシングユニットが搭載されており、リアルタイムのデータ分析と意思決定支援を可能にします。これにより、金融アナリストや戦略プランナーにとって理想的なツールとなります。""
  },
  {
    ""speakerName"": ""Alex Johnson"",
    ""speakerGender"": ""male"",
    ""sentenceE"": ""It also integrates seamlessly with our proprietary CloudSync technology, allowing for secure, instant synchronization of documents and data across all devices within an organization, enhancing collaboration and efficiency."",
    ""sentenceJ"": ""また、当社独自のCloudSync技術とシームレスに統合され、組織内のすべてのデバイス間で文書やデータを安全に、即時に同期させることができます。これにより、コラボレーションと効率性が向上します。""
  },
  {
    ""speakerName"": ""Alex Johnson"",
    ""speakerGender"": ""male"",
    ""sentenceE"": ""Furthermore, the QuantumPad is equipped with an ultra-high-definition display and an adaptive interface that adjusts to the user's environment, ensuring optimal visibility and usability in any setting."",
    ""sentenceJ"": ""さらに、QuantumPadは超高解像度ディスプレイと、ユーザーの環境に合わせて調整される適応型インターフェースを備えており、どのような環境でも最適な視認性と使いやすさを保証します。""
  },
  {
    ""speakerName"": ""Alex Johnson"",
    ""speakerGender"": ""male"",
    ""sentenceE"": ""We're proud to say that the QuantumPad represents a leap forward in our commitment to innovation, offering unparalleled performance and flexibility to meet the dynamic needs of modern businesses."",
    ""sentenceJ"": ""QuantumPadは、私たちのイノベーションへのコミットメントを前進させるものであり、現代のビジネスのダイナミックなニーズに応えるための比類のない性能と柔軟性を提供することを誇りに思います。""
  }
]
"
15,TOEICリスニングトピック,15,就職面接,応募者と面接官との間の質疑応答,"[
  {
    ""speakerName"": ""Jordan Lee"",
    ""speakerGender"": ""female"",
    ""sentenceE"": ""Thank you for joining us today. Can you start by telling us about a time when you overcame a significant challenge at work?"",
    ""sentenceJ"": ""本日はお越しいただきありがとうございます。仕事で大きな課題を乗り越えた経験について、始めにお話しいただけますか？""
  },
  {
    ""speakerName"": ""Chris Parker"",
    ""speakerGender"": ""male"",
    ""sentenceE"": ""Certainly. At my previous job, I was tasked with leading a project to integrate a new IT system within a tight deadline. Despite initial resistance and technical hurdles, I facilitated a series of workshops to align the team and managed to deliver the project on time."",
    ""sentenceJ"": ""もちろんです。前職で、厳しい期限内に新しいITシステムを統合するプロジェクトを率いることになりました。初期の抵抗と技術的な障壁にもかかわらず、チームを一致させるためのワークショップを一連実施し、プロジェクトを期限内に納品することができました。""
  },
  {
    ""speakerName"": ""Jordan Lee"",
    ""speakerGender"": ""female"",
    ""sentenceE"": ""Impressive. How do you stay updated with the latest trends and technologies in your field?"",
    ""sentenceJ"": ""印象的です。あなたの分野の最新のトレンドや技術について、どのように情報を得ていますか？""
  },
  {
    ""speakerName"": ""Chris Parker"",
    ""speakerGender"": ""male"",
    ""sentenceE"": ""I make it a priority to continuously learn. I subscribe to industry newsletters, participate in relevant online forums, and take online courses to deepen my knowledge. Networking with professionals in my field also provides valuable insights."",
    ""sentenceJ"": ""常に学び続けることを優先しています。業界のニュースレターを購読し、関連するオンラインフォーラムに参加し、オンラインコースを受講して知識を深めています。また、自分の分野のプロフェッショナルとのネットワーキングも貴重な洞察を提供してくれます。""
  },
  {
    ""speakerName"": ""Jordan Lee"",
    ""speakerGender"": ""female"",
    ""sentenceE"": ""Lastly, how do you handle stress and pressure, especially when facing tight deadlines?"",
    ""sentenceJ"": ""最後に、特に締め切りが迫っている時に、ストレスやプレッシャーをどのように扱いますか？""
  },
  {
    ""speakerName"": ""Chris Parker"",
    ""speakerGender"": ""male"",
    ""sentenceE"": ""I believe in proactive stress management. I break down tasks into manageable parts, prioritize them, and maintain clear communication with my team. Staying organized and focusing on one task at a time helps me navigate pressure effectively."",
    ""sentenceJ"": ""私は積極的なストレス管理を信じています。タスクを管理しやすい部分に分け、それらを優先順位付けし、チームとの明確なコミュニケーションを維持します。組織的であり、一度に一つのタスクに集中することが、プレッシャーを効果的に乗り越えるのに役立ちます。""
  }
]"
16,TOEICリスニングトピック,16,アフターサービスの問い合わせ,製品の不具合や修理についての相談,
17,TOEICリスニングトピック,17,ビジネスランチ,同僚やクライアントとの非公式な会食,
18,TOEICリスニングトピック,18,不動産の案内,物件の見学や条件に関する説明,
19,TOEICリスニングトピック,19,銀行での手続き,口座開設や送金に関する情報の交換,
20,TOEICリスニングトピック,20,社内研修,新入社員向けのオリエンテーションやスキルアップ研修,
21,TOEICリスニングトピック,21,保険の相談,保険商品の説明や契約内容の確認,
22,TOEICリスニングトピック,22,商品の配送,配送スケジュールや配送条件の確認,
23,TOEICリスニングトピック,23,緊急時の対応,火災や事故などの緊急事態に関する指示や情報共有,
24,TOEICリスニングトピック,24,技術サポート,コンピューターや機器のトラブルシューティング,
25,TOEICリスニングトピック,25,カンファレンスの参加登録,イベントへの参加手続きや登録情報の確認,
26,TOEICリスニングトピック,26,社内の健康診断の案内,健康診断のスケジュールや準備についての説明,
27,TOEICリスニングトピック,27,社内報の寄稿依頼,社内報への記事提供やインタビューの依頼,
28,TOEICリスニングトピック,28,在庫管理,商品の在庫状況や次回入荷の予定についての問い合わせ,
29,TOEICリスニングトピック,29,出張の手配,交通機関や宿泊施設の予約確認,
30,TOEICリスニングトピック,30,社外の専門家との協議,プロジェクトに関する外部の専門家との打ち合わせ,
31,TOEICリスニングトピック,31,社員の昇進や異動の発表,組織内の人事異動に関する会話,
32,TOEICリスニングトピック,32,社内の安全衛生会議,職場の安全や健康に関するガイドラインの確認,
33,TOEICリスニングトピック,33,環境保護に関するイニシアティブ,エコフレンドリーな活動や政策についての討論,
34,TOEICリスニングトピック,34,企業のCSR活動,社会貢献活動やボランティアプログラムの案内,
35,TOEICリスニングトピック,35,業務効率化の提案,新しいツールやプロセスの導入を提案する会話,
36,TOEICリスニングトピック,36,国際会議でのネットワーキング,異なる国の参加者との交流や情報交換,
37,TOEICリスニングトピック,37,製品の品質保証テスト,新製品のテストプロセスや結果に関する報告,
38,TOEICリスニングトピック,38,市場調査の結果共有,消費者のニーズや競合分析に関するプレゼンテーション,
39,TOEICリスニングトピック,39,著作権や特許に関する議論,知的財産権の管理や侵害に関する問題,
40,TOEICリスニングトピック,40,社内の文化祭やイベントの計画,社員向けの娯楽や交流の機会の組織,
41,TOEICリスニングトピック,41,在宅勤務のルール設定,リモートワークのガイドラインやベストプラクティスの共有,
42,TOEICリスニングトピック,42,社内の言語学習プログラム,外国語能力向上のためのクラスやリソースの紹介,
43,TOEICリスニングトピック,43,キャリア開発のためのメンタリング,職業成長のためのアドバイスや支援,
44,TOEICリスニングトピック,44,年度末の業績評価会議,個人やチームの達成目標に関するフィードバック,
45,TOEICリスニングトピック,45,社内のコンプライアンス研修,法規制や倫理基準に関する教育セッション,
46,TOEICリスニングトピック,46,経費精算の手続き,出張や業務に関連する費用の報告と承認,
47,TOEICリスニングトピック,47,新規事業計画のブレインストーミング,新しい市場や製品アイデアについての創造的討論,
48,TOEICリスニングトピック,48,企業のリブランディング戦略,ブランドイメージの変更やマーケティング戦略の更新,
49,TOEICリスニングトピック,49,社内の健康促進プログラム,運動や栄養に関する社員向けのイニシアティブ,
50,TOEICリスニングトピック,50,データセキュリティとプライバシー保護,個人情報の安全管理に関するポリシー,
51,TOEICリスニングトピック,51,社内ハラスメント防止策,ワークプレイスでの適切な行動規範の強化,
52,TOEICリスニングトピック,52,顧客満足度調査の分析,サービスや製品に関するフィードバックのレビュー,
53,TOEICリスニングトピック,53,競合他社の活動に関する情報共有,市場内での他社の動向についての議論,
54,TOEICリスニングトピック,54,エネルギー効率の改善提案,環境に優しい運営方法の導入,
55,TOEICリスニングトピック,55,福利厚生プログラムの更新,従業員のための新しい福利厚生の紹介,
56,TOEICリスニングトピック,56,退職者の送別会の計画,長年勤務した社員の功績を称えるイベントの準備,
57,TOEICリスニングトピック,57,災害対策計画のレビュー,緊急事態に備えた準備と対応策の確認,
58,TOEICリスニングトピック,58,社内の環境イニシアティブ,オフィスのリサイクルや省エネ活動の促進,
59,TOEICリスニングトピック,59,従業員のためのストレスマネジメント講座,ワークライフバランスの改善に向けたアプローチ,
60,TOEICリスニングトピック,60,社員向けの投資教育プログラム,財務計画や投資戦略に関する情報提供,
61,ビジネス英語,1,新製品の打ち合わせ,,
62,ビジネス英語,2,営業戦略の計画,,
63,ビジネス英語,3,プロジェクトの進捗報告会,,
64,ビジネス英語,4,年次予算の策定,,
65,ビジネス英語,5,クライアントとの契約交渉,,
66,ビジネス英語,6,チームミーティング,,
67,ビジネス英語,7,社内研修の実施,,
68,ビジネス英語,8,経営層への報告,,
69,ビジネス英語,9,マーケティング戦略のブレインストーミング,,
70,ビジネス英語,10,競合分析のレビュー,,
71,ビジネス英語,11,顧客からのフィードバック収集,,
72,ビジネス英語,12,品質管理会議,,
73,ビジネス英語,13,採用面接,,
74,ビジネス英語,14,従業員のパフォーマンス評価,,
75,ビジネス英語,15,サプライチェーンの最適化,,
76,ビジネス英語,16,新規ビジネスパートナーとの初会議,,
77,ビジネス英語,17,危機管理対策,,
78,ビジネス英語,18,コンプライアンスと法規制の遵守,,
79,ビジネス英語,19,技術革新に関する議論,,
80,ビジネス英語,20,テレワークの実施計画,,
81,ビジネス英語,21,顧客サポート戦略の見直し,,
82,ビジネス英語,22,社内イベントの企画,,
83,ビジネス英語,23,プロジェクトのリスク評価,,
84,ビジネス英語,24,資金調達の戦略会議,,
85,ビジネス英語,25,ビジネスモデルの革新,,
86,ビジネス英語,26,環境持続可能性に関する取り組み,,
87,ビジネス英語,27,社員の健康と安全に関する方針策定,,
88,ビジネス英語,28,国際貿易と輸出入の管理,,
89,ビジネス英語,29,データプライバシーとセキュリティ対策,,
90,ビジネス英語,30,知的財産権の保護,,
91,ビジネス英語,31,組織変革の管理,,
92,ビジネス英語,32,カスタマーリレーションシップマネジメント（CRM）の最適化,,
93,ビジネス英語,33,ソーシャルメディア戦略の策定,,
94,ビジネス英語,34,ITインフラの更新と管理,,
95,ビジネス英語,35,グローバル市場での展開戦略,,
96,ビジネス英語,36,研究開発（R&D）の推進,,
97,ビジネス英語,37,社内コミュニケーションの改善,,
98,ビジネス英語,38,在庫管理と物流の最適化,,
99,ビジネス英語,39,経営者と従業員のワークショップ,,
100,ビジネス英語,40,ビジネスエシックスの強化,,
101,ビジネス英語,41,パブリックリレーションズ（PR）活動,,
102,ビジネス英語,42,競争法と市場規制の理解,,
103,ビジネス英語,43,事業撤退や売却の計画,,
104,ビジネス英語,44,カスタマーサクセスの戦略,,
105,ビジネス英語,45,ビジネスインテリジェンスの活用,,
106,ビジネス英語,46,オンラインマーケットプレイスでの販売戦略,,
107,ビジネス英語,47,変動する市場環境への適応,,
108,ビジネス英語,48,企業文化の構築と維持,,
109,ビジネス英語,49,スタートアップの成長戦略,,
110,ビジネス英語,50,業界イベントやカンファレンスへの参加,,
111,海外旅行,1,空港でのチェックイン,,
112,海外旅行,2,荷物のセキュリティチェック,,
113,海外旅行,3,搭乗ゲートでの待機,,
114,海外旅行,4,機内での安全説明を聞く,,
115,海外旅行,5,免税店での買い物,,
116,海外旅行,6,空港での乗り継ぎ案内を尋ねる,,
117,海外旅行,7,到着空港での入国審査,,
118,海外旅行,8,荷物受取所での荷物のピックアップ,,
119,海外旅行,9,空港からホテルへの交通手段を探す,,
120,海外旅行,10,ホテルチェックイン,,
121,海外旅行,11,レストランでの食事注文,,
122,海外旅行,12,観光スポットのチケット購入,,
123,海外旅行,13,公共交通機関の利用方法を尋ねる,,
124,海外旅行,14,タクシーでの目的地の指示,,
125,海外旅行,15,言葉の壁を乗り越えるコミュニケーション,,
126,海外旅行,16,地元のマーケットでの買い物,,
127,海外旅行,17,現地通貨への両替,,
128,海外旅行,18,道に迷ったときの尋ね方,,
129,海外旅行,19,緊急時の対応（医療、警察）,,
130,海外旅行,20,ホテルでのチェックアウト,,
131,海外旅行,21,クレジットカードや現金の使用,,
132,海外旅行,22,文化的なエチケットや習慣の学習,,
133,海外旅行,23,ビーチやリゾートでのアクティビティ,,
134,海外旅行,24,スポーツイベントやコンサートの鑑賞,,
135,海外旅行,25,山や自然公園の探索,,
136,海外旅行,26,現地の交通規則の理解,,
137,海外旅行,27,ガイドツアーへの参加,,
138,海外旅行,28,美術館や博物館の訪問,,
139,海外旅行,29,現地のイベントや祭りへの参加,,
140,海外旅行,30,ワインや料理のテイスティング,,
141,海外旅行,31,夜の街の散策,,
142,海外旅行,32,ローカルの人との交流,,
143,海外旅行,33,ホテルでの追加サービスのリクエスト,,
144,海外旅行,34,海外でのインターネットの使用,,
145,海外旅行,35,ショッピングモールでの買い物,,
146,海外旅行,36,フォトスポットでの写真撮影,,
147,海外旅行,37,旅行保険の利用,,
148,海外旅行,38,空港での遅延やキャンセルへの対応,,
149,海外旅行,39,現地の友人やビジネス関係者との会合,,
150,海外旅行,40,シムカードやWi-Fiの購入,,
151,海外旅行,41,スパやマッサージの利用,,
152,海外旅行,42,宗教的な場所の訪問とそのマナー,,
153,海外旅行,43,アウトドアアクティビティ（ハイキング、サイクリング）,,
154,海外旅行,44,記念品や土産物の選択,,
155,海外旅行,45,カフェでのくつろぎ時間,,
156,海外旅行,46,語学スキルの実践,,
157,海外旅行,47,レンタカーの利用,,
158,海外旅行,48,地元の新聞や雑誌の読解,,
159,海外旅行,49,ホテルの安全性の確認,,
160,海外旅行,50,帰国時の税関での手続き,,
161,海外出張,1,出張前の準備と計画,,
162,海外出張,2,ビザの申請プロセス,,
163,海外出張,3,出張のためのフライト予約,,
164,海外出張,4,出張用の荷物のパッキング,,
165,海外出張,5,空港でのチェックインとセキュリティチェック,,
166,海外出張,6,搭乗前のビジネスラウンジ利用,,
167,海外出張,7,機内でのビジネスクラスの利用,,
168,海外出張,8,時差ぼけへの対応,,
169,海外出張,9,到着後の空港での入国手続き,,
170,海外出張,10,空港からホテルへの移動,,
171,海外出張,11,ホテルチェックイン,,
172,海外出張,12,重要な書類や資料の最終確認,,
173,海外出張,13,ビジネスミーティングの事前準備,,
174,海外出張,14,クライアントやパートナー企業との初対面,,
175,海外出張,15,プレゼンテーションの実施,,
176,海外出張,16,ビジネスランチやディナー,,
177,海外出張,17,異文化間コミュニケーション,,
178,海外出張,18,契約交渉,,
179,海外出張,19,ビジネス展示会やカンファレンスの参加,,
180,海外出張,20,ネットワーキングイベント,,
181,海外出張,21,緊急時の対応（医療、治安問題）,,
182,海外出張,22,時間管理とスケジュール調整,,
183,海外出張,23,ビデオ会議やテレカンファレンス,,
184,海外出張,24,ローカルのビジネス習慣の学習,,
185,海外出張,25,チーム内のコミュニケーション,,
186,海外出張,26,業務報告書の作成,,
187,海外出張,27,フィードバックの収集と共有,,
188,海外出張,28,ホテルでのビジネスセンターの利用,,
189,海外出張,29,現地の市場調査,,
190,海外出張,30,新しいビジネスチャンスの探索,,
191,海外出張,31,競合他社の分析,,
192,海外出張,32,プロジェクトの進捗確認,,
193,海外出張,33,現地のサプライヤーとの面談,,
194,海外出張,34,オフィス訪問や工場見学,,
195,海外出張,35,トラブルシューティングと問題解決,,
196,海外出張,36,言語や通訳サービスの利用,,
197,海外出張,37,社内報告のための資料収集,,
198,海外出張,38,ホテルチェックアウトと精算,,
199,海外出張,39,帰国前のお土産購入,,
200,海外出張,40,空港での出国手続き,,
201,海外出張,41,搭乗ゲートでの待機,,
202,海外出張,42,長距離フライトの過ごし方,,
203,海外出張,43,帰国後の時差ぼけ対策,,
204,海外出張,44,出張の経験を共有する報告会,,
205,海外出張,45,経費精算の手続き,,
206,海外出張,46,クライアントやパートナーへのフォローアップ,,
207,海外出張,47,プロジェクトの成果の評価,,
208,海外出張,48,次のビジネスチャンスへの準備,,
209,海外出張,49,人脈の維持と拡大,,
210,海外出張,50,個人的な成長と学習の振り,,
211,ビジネスシーン,1,新製品のプロジェクトキックオフミーティング,,
212,ビジネスシーン,2,年次パフォーマンスレビュー,,
213,ビジネスシーン,3,チームビルディング活動の計画,,
214,ビジネスシーン,4,クライアントとの契約交渉,,
215,ビジネスシーン,5,営業プレゼンテーション,,
216,ビジネスシーン,6,リモートワークのためのチェックイン会議,,
217,ビジネスシーン,7,緊急対応チームの設立,,
218,ビジネスシーン,8,社内トレーニングセッション,,
219,ビジネスシーン,9,採用面接,,
220,ビジネスシーン,10,テレワークポリシーの更新通知,,
221,ビジネスシーン,11,プロジェクトの進捗報告会,,
222,ビジネスシーン,12,社内イノベーションコンテストの発表,,
223,ビジネスシーン,13,顧客フィードバックセッション,,
224,ビジネスシーン,14,社内ハッカソンの招待,,
225,ビジネスシーン,15,ビジネスランチの誘い,,
226,ビジネスシーン,16,年末の社員感謝イベント,,
227,ビジネスシーン,17,新オフィス移転のお知らせ,,
228,ビジネスシーン,18,退職者への感謝と送別のメール,,
229,ビジネスシーン,19,新入社員の歓迎会,,
230,ビジネスシーン,20,ビジネスカンファレンスへの参加募集,,
231,日常生活シーン,1,家族の夕食の計画,,
232,日常生活シーン,2,友人の誕生日サプライズパーティー,,
233,日常生活シーン,3,地域コミュニティのクリーンアップ活動,,
234,日常生活シーン,4,子供の学校の親子会議,,
235,日常生活シーン,5,週末のピクニックの提案,,
236,日常生活シーン,6,ジムでの新しいワークアウトクラス,,
237,日常生活シーン,7,趣味クラブの定例会,,
238,日常生活シーン,8,ペットの獣医診察の予約,,
239,日常生活シーン,9,近所でのバーベキューパーティー,,
240,日常生活シーン,10,自動車修理の見積もり依頼,,
241,日常生活シーン,11,家の改修計画の相談,,
242,日常生活シーン,12,子供のスポーツチームの募集,,
243,日常生活シーン,13,ホリデーシーズンの家族旅行計画,,
244,日常生活シーン,14,地域の文化祭りへの招待,,
245,日常生活シーン,15,新しいレストランの試食会,,
246,日常生活シーン,16,読書クラブの次回作の選定,,
247,日常生活シーン,17,ハイキンググループの週末トリップ,,
248,日常生活シーン,18,ガレージセールの開催通知,,
249,日常生活シーン,19,近所の人への新年の挨拶回り,,
250,日常生活シーン,20,学校のボランティア活動の募集,,